{
    "RMSE": 1.5183467648969289,
    "MAE": 1.2811413217473915,
    "R2": 0.7884485453664917
}