True Values,Predicted Values
9.2,8.1425
7.6,8.095042016806723
6.2,7.536470588235294
12.1,11.7
9.5,9.5
6.7,6.959999999999999
9.0,10.5
4.9,6.040000000000001
9.2,8.419999999999998
15.6,16.62
5.3,6.165000000000001
5.3,5.21
19.3,15.36
10.9,10.44
7.8,6.848000000000001
19.9,18.720000000000002
17.4,19.626666666666665
10.9,9.84
12.3,9.48
5.0,4.92
7.7,7.915042016806723
