True Values,Predicted Values
9.4,10.499457
7.7,9.272169
10.9,9.129834
8.1,10.192351
12.3,10.061509
4.0,3.557628
11.0,10.264735
16.8,15.552491
10.3,9.424523
17.8,16.294748
11.0,14.212398
9.7,10.192241
6.5,6.943887
8.4,10.418793
5.1,7.0038586
12.5,9.416355
13.0,14.020085
8.0,8.612721
5.7,5.1060386
9.9,10.521808
7.0,7.703907
8.3,8.004466
6.3,6.8326054
11.8,10.437087
11.4,8.903494
8.7,8.29723
15.0,16.214674
