True Values,Predicted Values
9.2,9.156059
7.6,7.929332
6.2,7.025803
12.1,12.424165
9.5,8.055979
6.7,7.8283114
9.0,10.308334
4.9,5.1573157
9.2,10.513412
15.6,16.530352
5.3,5.7015796
5.3,5.641033
19.3,14.520044
10.9,11.488159
7.8,7.8711095
19.9,18.658209
17.4,19.153126
10.9,9.855303
12.3,9.590159
5.0,4.8451247
7.7,9.558728
