True Values,Predicted Values
12.1,11.743191
7.7,8.651274
6.7,7.6966395
12.3,9.638682
19.3,14.055807
7.6,7.864718
9.0,9.207092
19.9,18.19651
15.6,16.971664
9.2,8.731117
7.8,7.7287436
5.3,6.2242618
5.0,4.506906
9.2,8.962652
